,nose_ratio,nose_shoulder_perp,eye_shldr_angle,arm_angle_left,arm_angle_right,ear_eye_left,ear_eye_right
0,0.6973080611251318,0.15784415502954496,13.836839007881863,100.99250758026767,101.17383824181472,-33.69006752597976,-48.81407483429032
