,nose,eye_l,eye_r,ear_l,ear_r,shldr_l,shldr_r,elbw_l,elbw_r,wrst_l,wrst_r
x,299.16666666666663,340.8333333333333,265.83333333333337,407.5,232.5,507.5,174.16666666666666,549.1666666666667,157.5,265.83333333333337,207.5
y,235.83333333333337,194.16666666666669,194.16666666666669,194.16666666666669,202.5,410.83333333333337,402.5,644.1666666666667,644.1666666666667,452.5,452.5
w,0.9590985466452205,0.967443967333027,0.9421948601217831,0.8838460286458333,0.9182075650084253,0.8801088220932904,0.8950335334329044,0.17319995655732998,0.2549419029086244,0.08701607947256051,0.07822182599235983
