,nose,eye_l,eye_r,ear_l,ear_r,shldr_l,shldr_r,elbw_l,elbw_r,wrst_l,wrst_r
x,282.5,315.83333333333337,232.5,357.5,149.16666666666666,457.5,82.5,482.5,65.83333333333331,507.5,115.83333333333331
y,260.83333333333337,210.83333333333331,210.83333333333331,210.83333333333331,219.16666666666663,435.83333333333337,452.5,469.16666666666663,694.1666666666667,435.83333333333337,735.8333333333334
w,0.9159961775237438,0.9709596521714154,0.9555297253178615,0.8672533222273284,0.954066676719516,0.7983361337699142,0.9067190731272978,0.2148825402353324,0.2996264588599111,0.09317234263700598,0.12063864165661382
