,nose_ratio,nose_shoulder_perp,eye_shldr_angle,arm_angle_left,arm_angle_right,ear_eye_left,ear_eye_right
0,2.3486283328512334,2.3450122747668813,-0.40348473505875404,99,100.45008260766544,38.65980825409007,-0.0
