,nose,eye_l,eye_r,ear_l,ear_r,shldr_l,shldr_r,elbw_l,elbw_r,wrst_l,wrst_r
x,207.5,232.5,174.16666666666666,257.5,99.16666666666669,324.1666666666667,32.5,382.5,90.83333333333331,349.1666666666667,199.16666666666663
y,177.5,152.5,152.5,194.16666666666669,202.5,385.83333333333337,427.5,477.5,469.16666666666663,435.83333333333337,435.83333333333337
w,0.9102690453622856,0.9880329805261948,0.9785939534505208,0.883763032801011,0.9465043610217525,0.6811316995059743,0.8169002158969056,0.6117071413526348,0.2864718568091299,0.5942302629059436,0.10137418111165365
