{"bad": 0.7485238095238096, "good": 0.25147619047619046, "avg_bad": 0.5302079365079365, "class": "good", "fps": 3.208447912103302, "sensitivity": 0.6, "user": "draget"}