,nose,eye_l,eye_r,ear_l,ear_r,shldr_l,shldr_r,elbw_l,elbw_r,wrst_l,wrst_r
x,365.8333333333333,415.8333333333333,332.5,465.83333333333326,274.16666666666663,474.16666666666674,140.83333333333334,490.83333333333326,107.5,499.16666666666674,132.5
y,369.16666666666663,344.16666666666663,319.16666666666663,310.83333333333337,252.5,360.83333333333337,344.16666666666663,477.5,477.5,452.5,460.83333333333337
w,0.9117094750497855,0.9318471871170343,0.9788076961741728,0.831169397690717,0.8671244303385417,0.6281565348307292,0.8111933091107537,0.5548696480545343,0.5327260335286458,0.13864461861404717,0.20361546535117953
